PRAGMA foreign_keys=OFF;
BEGIN TRANSACTION;
CREATE TABLE IF NOT EXISTS "django_migrations" ("id" integer NOT NULL PRIMARY KEY AUTOINCREMENT, "app" varchar(255) NOT NULL, "name" varchar(255) NOT NULL, "applied" datetime NOT NULL);
INSERT INTO django_migrations VALUES(1,'user','0001_initial','2021-01-03 11:25:21.494559');
INSERT INTO django_migrations VALUES(2,'contenttypes','0001_initial','2021-01-03 11:25:21.587422');
INSERT INTO django_migrations VALUES(3,'admin','0001_initial','2021-01-03 11:25:21.693766');
INSERT INTO django_migrations VALUES(4,'admin','0002_logentry_remove_auto_add','2021-01-03 11:25:21.827365');
INSERT INTO django_migrations VALUES(5,'admin','0003_logentry_add_action_flag_choices','2021-01-03 11:25:21.936783');
INSERT INTO django_migrations VALUES(6,'contenttypes','0002_remove_content_type_name','2021-01-03 11:25:22.046914');
INSERT INTO django_migrations VALUES(7,'auth','0001_initial','2021-01-03 11:25:22.169658');
INSERT INTO django_migrations VALUES(8,'auth','0002_alter_permission_name_max_length','2021-01-03 11:25:22.298375');
INSERT INTO django_migrations VALUES(9,'auth','0003_alter_user_email_max_length','2021-01-03 11:25:22.415754');
INSERT INTO django_migrations VALUES(10,'auth','0004_alter_user_username_opts','2021-01-03 11:25:22.500841');
INSERT INTO django_migrations VALUES(11,'auth','0005_alter_user_last_login_null','2021-01-03 11:25:22.621660');
INSERT INTO django_migrations VALUES(12,'auth','0006_require_contenttypes_0002','2021-01-03 11:25:22.680577');
INSERT INTO django_migrations VALUES(13,'auth','0007_alter_validators_add_error_messages','2021-01-03 11:25:22.770037');
INSERT INTO django_migrations VALUES(14,'auth','0008_alter_user_username_max_length','2021-01-03 11:25:22.828955');
INSERT INTO django_migrations VALUES(15,'auth','0009_alter_user_last_name_max_length','2021-01-03 11:25:22.912103');
INSERT INTO django_migrations VALUES(16,'auth','0010_alter_group_name_max_length','2021-01-03 11:25:23.014621');
INSERT INTO django_migrations VALUES(17,'auth','0011_update_proxy_permissions','2021-01-03 11:25:23.136045');
INSERT INTO django_migrations VALUES(18,'auth','0012_alter_user_first_name_max_length','2021-01-03 11:25:23.222319');
INSERT INTO django_migrations VALUES(19,'sessions','0001_initial','2021-01-03 11:25:23.273606');
INSERT INTO django_migrations VALUES(20,'user','0002_booking','2024-02-24 03:14:06.395207');
INSERT INTO django_migrations VALUES(21,'user','0003_rename_buyer_booking_customer_remove_booking_seller_and_more','2024-02-28 03:38:38.105768');
INSERT INTO django_migrations VALUES(22,'user','0004_remove_house_onwer_house_user_email','2024-02-28 03:40:10.934049');
INSERT INTO django_migrations VALUES(23,'user','0005_alter_room_ac_alter_room_balcany_alter_room_desc_and_more','2024-02-28 03:42:53.133760');
INSERT INTO django_migrations VALUES(24,'user','0006_alter_house_ac_alter_house_balcany_alter_house_hall_and_more','2024-02-28 03:45:33.959961');
INSERT INTO django_migrations VALUES(25,'user','0007_rename_appointment_date_booking_date_and_more','2024-02-29 04:49:52.925272');
INSERT INTO django_migrations VALUES(26,'user','0008_house_booked_room_booked_alter_house_ac_and_more','2024-02-29 06:03:51.201928');
INSERT INTO django_migrations VALUES(27,'user','0009_booking_booked','2024-02-29 10:25:28.789866');
INSERT INTO django_migrations VALUES(28,'user','0010_rename_location_house_district_and_more','2024-02-29 11:16:23.614298');
CREATE TABLE IF NOT EXISTS "user_user" ("last_login" datetime NULL, "email" varchar(100) NOT NULL PRIMARY KEY, "name" varchar(25) NOT NULL, "password" varchar(100) NOT NULL, "district" varchar(50) NOT NULL, "city" varchar(50) NOT NULL, "state" varchar(50) NOT NULL, "number" integer NOT NULL, "active" bool NOT NULL, "staff" bool NOT NULL, "admin" bool NOT NULL);
INSERT INTO user_user VALUES('2023-12-05 11:55:46','contact@manojpaudel.com','Manoj Paudel','pbkdf2_sha256$720000$bX0kyEzTWUCtq8knF2dOV2$rQWLB2yH7M4FjTFm+5D4T2w03ACtewsGxiMrUJiT99s=','Nepal','Butwal','Lumbini Province',9866137416,1,1,1);
INSERT INTO user_user VALUES('2023-12-05 12:10:28','achutbhattarai@gmail.com','Achyut Bhattarai','pbkdf2_sha256$216000$p2bl42HgwLXY$U2CPQw0qAdywIg6L35qUY/zV1E66VrJGbNl2LCuECVk=','Nepal','Jeetpur','Lumbini Province',9876543210,1,1,0);
INSERT INTO user_user VALUES('2024-01-01 15:25:17.552549','manozpaudel00@gmail.com','Manoj Paudel','pbkdf2_sha256$720000$6XOuiGvm9cIkg2yYdD9jFR$h6JySUly1O76GAJfA5yAvMJbo+/9qxdk68ItBjby5dg=','Nepal','Kathmandu','Bagmati Province',9866137416,1,1,1);
INSERT INTO user_user VALUES('2024-02-03 09:42:10.711082','manozpaudel0@gmail.com','manoj','pbkdf2_sha256$720000$dw2m0dkHwXLVXM2GxsVUYO$v335MdV69fIT3aRi5mwjD6BOB6uhZiPBeQr4y50BIBw=','','','',98,1,1,1);
INSERT INTO user_user VALUES('2024-03-01 03:58:36','test@gmail.com','Punam Basyal','pbkdf2_sha256$720000$QpGa0S2Qz2Y80dZwRYv9dJ$OBVhrLNVvKqGRykgmTRIq54dzAWwFvplZZRYKTshTJU=','Rupandehi','Butwal','Lumbini',9800000000,1,1,1);
INSERT INTO user_user VALUES('2024-02-29 10:23:52','test@mail.com','Manoj Paudel','pbkdf2_sha256$720000$ciwlsO1R9OJrykUJVXchNB$MKnnwXnbzuO08fstWxJ+4gqz0ivgMB4i9z9jaBEhNZg=','Rupandehi','Butwal','Manigram',9800000000,1,1,1);
CREATE TABLE IF NOT EXISTS "user_contact" ("contact_id" integer NOT NULL PRIMARY KEY AUTOINCREMENT, "subject" varchar(100) NOT NULL, "email" varchar(100) NOT NULL, "body" varchar(500) NOT NULL);
INSERT INTO user_contact VALUES(2,'ad no 12 is false in room','malla@kushal.com','Ad no. 12 looks good and seem like it is fake.');
INSERT INTO user_contact VALUES(3,'ad no 12 is false in room','contact@manoj.com','Ad no. 12 looks good and seem like it is fake.');
INSERT INTO user_contact VALUES(4,'ad no 12 is false in room','manozpaudel00@gmail.com','Ad no. 12 looks good and seem like it is fake.');
INSERT INTO user_contact VALUES(5,'Hello','manozpaudel00@gmail.com','Hello sir');
INSERT INTO user_contact VALUES(6,'Mathematics','sudosunil@gmail.com','Hello sir');
CREATE TABLE IF NOT EXISTS "django_admin_log" ("id" integer NOT NULL PRIMARY KEY AUTOINCREMENT, "action_time" datetime NOT NULL, "object_id" text NULL, "object_repr" varchar(200) NOT NULL, "change_message" text NOT NULL, "content_type_id" integer NULL REFERENCES "django_content_type" ("id") DEFERRABLE INITIALLY DEFERRED, "user_id" varchar(100) NOT NULL REFERENCES "user_user" ("email") DEFERRABLE INITIALLY DEFERRED, "action_flag" smallint unsigned NOT NULL CHECK ("action_flag" >= 0));
INSERT INTO django_admin_log VALUES(3,'2023-12-05 12:13:02.257152','achutbhattarai@gmail.com','achutbhattarai@gmail.com','[{"changed": {"fields": ["Last login", "Email", "Name", "Location", "City", "State", "Admin"]}}]',6,'contact@manojpaudel.com',2);
INSERT INTO django_admin_log VALUES(4,'2023-12-22 14:25:41.751727','abhishekdubey007111@gmail.com','abhishekdubey007111@gmail.com','[{"changed": {"fields": ["Name", "Location", "City", "State"]}}]',6,'manozpaudel00@gmail.com',2);
INSERT INTO django_admin_log VALUES(5,'2023-12-22 14:26:51.337253','1','1','[{"changed": {"fields": ["User email", "Location", "City", "State"]}}]',9,'manozpaudel00@gmail.com',2);
INSERT INTO django_admin_log VALUES(6,'2023-12-22 14:27:40.306287','2','2','[{"changed": {"fields": ["User email", "Location", "City", "State"]}}]',9,'manozpaudel00@gmail.com',2);
INSERT INTO django_admin_log VALUES(7,'2023-12-22 14:28:30.073529','3','3','[{"changed": {"fields": ["User email", "Location", "City", "State"]}}]',9,'manozpaudel00@gmail.com',2);
INSERT INTO django_admin_log VALUES(8,'2023-12-22 14:29:52.724491','4','4','[{"changed": {"fields": ["Email"]}}]',7,'manozpaudel00@gmail.com',2);
INSERT INTO django_admin_log VALUES(9,'2023-12-22 14:30:07.210406','3','3','[{"changed": {"fields": ["Email"]}}]',7,'manozpaudel00@gmail.com',2);
INSERT INTO django_admin_log VALUES(10,'2023-12-22 14:30:29.210637','2','2','[{"changed": {"fields": ["Email"]}}]',7,'manozpaudel00@gmail.com',2);
INSERT INTO django_admin_log VALUES(11,'2023-12-22 14:47:59.397809','6','6','[{"changed": {"fields": ["Location", "City", "State"]}}]',8,'manozpaudel00@gmail.com',2);
INSERT INTO django_admin_log VALUES(12,'2023-12-22 14:48:34.514264','5','5','[{"changed": {"fields": ["User email", "Location", "City", "State"]}}]',8,'manozpaudel00@gmail.com',2);
INSERT INTO django_admin_log VALUES(13,'2023-12-22 14:49:01.302097','1','1','[{"changed": {"fields": ["User email", "Location", "City", "State"]}}]',8,'manozpaudel00@gmail.com',2);
INSERT INTO django_admin_log VALUES(14,'2023-12-22 14:52:00.428493','3','3','[]',9,'manozpaudel00@gmail.com',2);
INSERT INTO django_admin_log VALUES(15,'2023-12-22 14:53:28.158410','contact@manojpaudel.com','contact@manojpaudel.com','[{"changed": {"fields": ["Location", "City", "State"]}}]',6,'manozpaudel00@gmail.com',2);
INSERT INTO django_admin_log VALUES(16,'2023-12-22 14:54:11.319771','contact@manojpaudel.com','contact@manojpaudel.com','[{"changed": {"fields": ["Location"]}}]',6,'manozpaudel00@gmail.com',2);
INSERT INTO django_admin_log VALUES(17,'2023-12-22 14:55:03.133629','3','3','[]',9,'manozpaudel00@gmail.com',2);
INSERT INTO django_admin_log VALUES(18,'2023-12-22 14:56:47.946977','2','2','[{"changed": {"fields": ["User email", "Location", "City", "State"]}}]',8,'manozpaudel00@gmail.com',2);
INSERT INTO django_admin_log VALUES(19,'2023-12-22 14:58:34.241576','3','3','[{"changed": {"fields": ["User email", "Location", "City", "State"]}}]',8,'manozpaudel00@gmail.com',2);
INSERT INTO django_admin_log VALUES(20,'2023-12-22 14:59:32.164718','4','4','[{"changed": {"fields": ["Location", "City", "State"]}}]',8,'manozpaudel00@gmail.com',2);
INSERT INTO django_admin_log VALUES(21,'2023-12-22 14:59:44.418486','4','4','[{"changed": {"fields": ["User email"]}}]',8,'manozpaudel00@gmail.com',2);
INSERT INTO django_admin_log VALUES(22,'2023-12-22 15:01:54.301456','abhishekdubey007111@gmail.com','abhishekdubey007111@gmail.com','',6,'manozpaudel00@gmail.com',3);
INSERT INTO django_admin_log VALUES(23,'2023-12-22 15:01:54.309166','abhishek@g.com','abhishek@g.com','',6,'manozpaudel00@gmail.com',3);
INSERT INTO django_admin_log VALUES(24,'2023-12-22 15:15:35.054499','manozpaudel00@gmail.com','manozpaudel00@gmail.com','[{"changed": {"fields": ["Location", "City", "State"]}}]',6,'manozpaudel00@gmail.com',2);
INSERT INTO django_admin_log VALUES(25,'2024-02-24 03:21:44.523079','1','Booking object (1)','[{"added": {}}]',10,'test@mail.com',1);
INSERT INTO django_admin_log VALUES(26,'2024-02-24 03:31:44.976442','8','test@mail.com','[{"added": {}}]',9,'test@mail.com',1);
INSERT INTO django_admin_log VALUES(27,'2024-02-28 03:40:29.453814','3','test@mail.com','[{"changed": {"fields": ["User email"]}}]',9,'test@mail.com',2);
INSERT INTO django_admin_log VALUES(28,'2024-02-28 03:40:36.009956','2','manozpaudel0@gmail.com','[{"changed": {"fields": ["User email"]}}]',9,'test@mail.com',2);
INSERT INTO django_admin_log VALUES(29,'2024-02-28 03:40:43.630524','1','test@mail.com','[{"changed": {"fields": ["User email"]}}]',9,'test@mail.com',2);
INSERT INTO django_admin_log VALUES(30,'2024-02-28 03:43:39.839067','11','test@mail.com','[{"changed": {"fields": ["Kitchen", "Hall", "Balcany", "AC"]}}]',8,'test@mail.com',2);
INSERT INTO django_admin_log VALUES(31,'2024-02-28 03:45:58.195231','3','test@mail.com','[{"changed": {"fields": ["Kitchen", "Hall"]}}]',9,'test@mail.com',2);
INSERT INTO django_admin_log VALUES(32,'2024-02-29 10:28:11.981129','6','Booking object (6)','',10,'test@mail.com',3);
INSERT INTO django_admin_log VALUES(33,'2024-02-29 10:28:11.990577','5','Booking object (5)','',10,'test@mail.com',3);
INSERT INTO django_admin_log VALUES(34,'2024-02-29 10:28:11.993309','4','Booking object (4)','',10,'test@mail.com',3);
INSERT INTO django_admin_log VALUES(35,'2024-02-29 10:28:11.996445','3','Booking object (3)','',10,'test@mail.com',3);
INSERT INTO django_admin_log VALUES(36,'2024-02-29 10:28:11.999347','2','Booking object (2)','',10,'test@mail.com',3);
INSERT INTO django_admin_log VALUES(37,'2024-02-29 10:28:12.002017','1','Booking object (1)','',10,'test@mail.com',3);
INSERT INTO django_admin_log VALUES(38,'2024-02-29 10:29:06.653010','7','Booking object (7)','',10,'test@mail.com',3);
INSERT INTO django_admin_log VALUES(39,'2024-02-29 10:29:26.875812','8','Booking object (8)','',10,'test@mail.com',3);
INSERT INTO django_admin_log VALUES(40,'2024-02-29 10:36:23.726637','9','Booking object (9)','',10,'test@mail.com',3);
INSERT INTO django_admin_log VALUES(41,'2024-02-29 10:38:51.987986','10','Booking object (10)','',10,'test@mail.com',3);
INSERT INTO django_admin_log VALUES(42,'2024-02-29 10:39:12.209779','11','Booking object (11)','',10,'test@mail.com',3);
INSERT INTO django_admin_log VALUES(43,'2024-02-29 10:39:59.433847','12','Booking object (12)','',10,'test@mail.com',3);
INSERT INTO django_admin_log VALUES(44,'2024-02-29 10:43:11.589835','13','Booking object (13)','',10,'test@mail.com',3);
INSERT INTO django_admin_log VALUES(45,'2024-02-29 10:49:08.241665','14','Booking object (14)','',10,'test@mail.com',3);
INSERT INTO django_admin_log VALUES(46,'2024-02-29 10:57:39.420524','15','Booking object (15)','',10,'test@mail.com',3);
INSERT INTO django_admin_log VALUES(47,'2024-02-29 11:01:03.992691','16','Booking object (16)','',10,'test@mail.com',3);
INSERT INTO django_admin_log VALUES(48,'2024-02-29 11:02:53.838470','17','Booking object (17)','',10,'test@mail.com',3);
INSERT INTO django_admin_log VALUES(49,'2024-02-29 11:04:43.063477','18','Booking object (18)','',10,'test@mail.com',3);
INSERT INTO django_admin_log VALUES(50,'2024-02-29 11:06:05.818705','19','Booking object (19)','',10,'test@mail.com',3);
INSERT INTO django_admin_log VALUES(51,'2024-02-29 11:08:26.160963','20','Booking object (20)','',10,'test@mail.com',3);
INSERT INTO django_admin_log VALUES(52,'2024-02-29 11:12:21.142513','21','Booking object (21)','',10,'test@mail.com',3);
INSERT INTO django_admin_log VALUES(53,'2024-02-29 11:13:36.512533','test@mail.com','test@mail.com','[{"changed": {"fields": ["Name", "Location", "City", "State"]}}]',6,'test@mail.com',2);
INSERT INTO django_admin_log VALUES(54,'2024-02-29 11:21:18.273563','22','Booking object (22)','',10,'test@mail.com',3);
INSERT INTO django_admin_log VALUES(55,'2024-03-01 04:00:29.884630','test@gmail.com','test@gmail.com','[{"changed": {"fields": ["Name", "District", "City", "State"]}}]',6,'test@gmail.com',2);
CREATE TABLE IF NOT EXISTS "django_content_type" ("id" integer NOT NULL PRIMARY KEY AUTOINCREMENT, "app_label" varchar(100) NOT NULL, "model" varchar(100) NOT NULL);
INSERT INTO django_content_type VALUES(1,'admin','logentry');
INSERT INTO django_content_type VALUES(2,'auth','permission');
INSERT INTO django_content_type VALUES(3,'auth','group');
INSERT INTO django_content_type VALUES(4,'contenttypes','contenttype');
INSERT INTO django_content_type VALUES(5,'sessions','session');
INSERT INTO django_content_type VALUES(6,'user','user');
INSERT INTO django_content_type VALUES(7,'user','contact');
INSERT INTO django_content_type VALUES(8,'user','room');
INSERT INTO django_content_type VALUES(9,'user','house');
INSERT INTO django_content_type VALUES(10,'user','booking');
CREATE TABLE IF NOT EXISTS "auth_group_permissions" ("id" integer NOT NULL PRIMARY KEY AUTOINCREMENT, "group_id" integer NOT NULL REFERENCES "auth_group" ("id") DEFERRABLE INITIALLY DEFERRED, "permission_id" integer NOT NULL REFERENCES "auth_permission" ("id") DEFERRABLE INITIALLY DEFERRED);
CREATE TABLE IF NOT EXISTS "auth_permission" ("id" integer NOT NULL PRIMARY KEY AUTOINCREMENT, "content_type_id" integer NOT NULL REFERENCES "django_content_type" ("id") DEFERRABLE INITIALLY DEFERRED, "codename" varchar(100) NOT NULL, "name" varchar(255) NOT NULL);
INSERT INTO auth_permission VALUES(1,1,'add_logentry','Can add log entry');
INSERT INTO auth_permission VALUES(2,1,'change_logentry','Can change log entry');
INSERT INTO auth_permission VALUES(3,1,'delete_logentry','Can delete log entry');
INSERT INTO auth_permission VALUES(4,1,'view_logentry','Can view log entry');
INSERT INTO auth_permission VALUES(5,2,'add_permission','Can add permission');
INSERT INTO auth_permission VALUES(6,2,'change_permission','Can change permission');
INSERT INTO auth_permission VALUES(7,2,'delete_permission','Can delete permission');
INSERT INTO auth_permission VALUES(8,2,'view_permission','Can view permission');
INSERT INTO auth_permission VALUES(9,3,'add_group','Can add group');
INSERT INTO auth_permission VALUES(10,3,'change_group','Can change group');
INSERT INTO auth_permission VALUES(11,3,'delete_group','Can delete group');
INSERT INTO auth_permission VALUES(12,3,'view_group','Can view group');
INSERT INTO auth_permission VALUES(13,4,'add_contenttype','Can add content type');
INSERT INTO auth_permission VALUES(14,4,'change_contenttype','Can change content type');
INSERT INTO auth_permission VALUES(15,4,'delete_contenttype','Can delete content type');
INSERT INTO auth_permission VALUES(16,4,'view_contenttype','Can view content type');
INSERT INTO auth_permission VALUES(17,5,'add_session','Can add session');
INSERT INTO auth_permission VALUES(18,5,'change_session','Can change session');
INSERT INTO auth_permission VALUES(19,5,'delete_session','Can delete session');
INSERT INTO auth_permission VALUES(20,5,'view_session','Can view session');
INSERT INTO auth_permission VALUES(21,6,'add_user','Can add user');
INSERT INTO auth_permission VALUES(22,6,'change_user','Can change user');
INSERT INTO auth_permission VALUES(23,6,'delete_user','Can delete user');
INSERT INTO auth_permission VALUES(24,6,'view_user','Can view user');
INSERT INTO auth_permission VALUES(25,7,'add_contact','Can add contact');
INSERT INTO auth_permission VALUES(26,7,'change_contact','Can change contact');
INSERT INTO auth_permission VALUES(27,7,'delete_contact','Can delete contact');
INSERT INTO auth_permission VALUES(28,7,'view_contact','Can view contact');
INSERT INTO auth_permission VALUES(29,8,'add_room','Can add room');
INSERT INTO auth_permission VALUES(30,8,'change_room','Can change room');
INSERT INTO auth_permission VALUES(31,8,'delete_room','Can delete room');
INSERT INTO auth_permission VALUES(32,8,'view_room','Can view room');
INSERT INTO auth_permission VALUES(33,9,'add_house','Can add house');
INSERT INTO auth_permission VALUES(34,9,'change_house','Can change house');
INSERT INTO auth_permission VALUES(35,9,'delete_house','Can delete house');
INSERT INTO auth_permission VALUES(36,9,'view_house','Can view house');
INSERT INTO auth_permission VALUES(37,10,'add_booking','Can add booking');
INSERT INTO auth_permission VALUES(38,10,'change_booking','Can change booking');
INSERT INTO auth_permission VALUES(39,10,'delete_booking','Can delete booking');
INSERT INTO auth_permission VALUES(40,10,'view_booking','Can view booking');
CREATE TABLE IF NOT EXISTS "auth_group" ("id" integer NOT NULL PRIMARY KEY AUTOINCREMENT, "name" varchar(150) NOT NULL UNIQUE);
CREATE TABLE IF NOT EXISTS "django_session" ("session_key" varchar(40) NOT NULL PRIMARY KEY, "session_data" text NOT NULL, "expire_date" datetime NOT NULL);
INSERT INTO django_session VALUES('ujyoywwvwkgac216s826v9qbfkftm1ch','.eJxVzDsOwjAQRdG9uEbW-AcxFaJnDdFMPI4N-UixUyH2TiKlgPqdd9-ixbWmdi28tDmIq0i4lJTrrR8xD7KbR3H6NYTdi6cdhidO_byJqS6Z5E7ksRb5mAMP98P-BRKWtL3JNAAhKMu-axDIWLZaawRGiiFGD_EC50ienAWtnHGOtDfsDEfjlRefL2lRPjw:1kw1WG:HSMmiBGJ5U_ftFsGkr0bpjjQRm3ultlekp2T2xxDZ8k','2021-01-17 11:25:56.854077');
INSERT INTO django_session VALUES('exmr1jdzk9vh1fija5dr91rqi6ban10b','.eJxVjEEOgjAQRe_StWlaRinjyrj3DGQ6UwSU1gBdGe9uSVjo5m_ee_-tWspr3-YlzO0g6qw4xZV4vUwU0_iiLOGpOU3q8Gt64keImy4jxXvSWzUPXm-K3umib6nU1939O-hp6UvtqiOAnNBzDZY6DNZZqpygtyLYkAPkxnRgDHJZ5xDFEgCEuqCqVp8vHnA_7A:1rAU1i:VXpaq-KoCJ9j89sCXhNuB8icUsEz1o0otA_ufGCMI-k','2023-12-19 11:55:46.114748');
INSERT INTO django_session VALUES('bfvbd2f1obszsei0ia1342yrjun0hpad','.eJxVzMsOwiAQheF3YW0IFDuAK9O9z9DMwPSiLZheNhrf3TbpQtfnO_9b1LguXb3OPNV9FBcxYsqvJ66RB6Wu7Yj9IEMexelXEoYHp53HO6Y2byItU09yJ_JYZ3nLW6U67F-gw7nb3ugCasTgyHrjLfgAYJA8aMtsgjmT4xjANQXYGMvSK11oV0KjmBpFhfh8Afz5QJc:1rGhqJ:2U0XGnJW6241llFdj8-TFbAgZW0myKGVHsOe4QO3aaQ','2024-01-05 15:53:43.870454');
INSERT INTO django_session VALUES('xu750m5mctacj8c8yxxx4xbxen4u7ih7','.eJxVzMsOwiAQheF3YW0IFDuAK9O9z9DMwPSiLZheNhrf3TbpQtfnO_9b1LguXb3OPNV9FBcxYsqvJ66RB6Wu7Yj9IEMexelXEoYHp53HO6Y2byItU09yJ_JYZ3nLW6U67F-gw7nb3ugCasTgyHrjLfgAYJA8aMtsgjmT4xjANQXYGMvSK11oV0KjmBpFhfh8Afz5QJc:1rH088:yikAnKn2ZhZL0gdUe8gLXf8_fo2IAN3llJEcIjhbLbk','2024-01-06 11:25:20.588496');
INSERT INTO django_session VALUES('qbti7hrqkpbf2all24r9xgyron496bub','.eJxVzMsOwiAQheF3YW1ILzCAK-PeZ2iGgWmrLZheNhrf3TbpQtfnO_9bNLguXbPOcWr6IM5ixJRfT1xDHIpLO2I_SMqjOP1Cj_SIadfhjqnNm0jL1Hu5E3mss7zlLXI97F-gw7nb3uAUWWYgoErHEjR7oy0oYIvWcTDOoq9qKNkQGkOglXYFGsWqBgxWfL7AyD__:1rWCXK:PnzFX_2eDo2QXxPSkMouNhaLGPDfFdAf3kiA_vtQ7Eo','2024-02-17 09:42:10.714068');
INSERT INTO django_session VALUES('y2qbcxh7s2zhjmsn9pu7o2v6mlqo1y3s','.eJxVzMEOgjAQhOF36dk0hS0FPRnvPgOZdldAgSa0nIzvLiQc9Dzf_G_VYs19uyZZ2oHVRWVJ-dpNGEYd4qROv8AjvGTeFT8xd3ETc14Gr3eijzXpe2QZb4f9C_RI_fY2hRUQitoyPciSD5Yaww4lQhlsg8qXAlO7Rpw7E0PIgKQSwwJGoT5fgV89rQ:1rcp3L:rPgGzQrv01wEB38y2fbTT3v-6u7oj5NKzAkRI5oYN-4','2024-03-06 16:02:35.631740');
INSERT INTO django_session VALUES('nra3m1b09vb2b2pthpu0xw9q1nl3ienv','.eJxVzMsOgjAQheF36do0bRlscWXc-wxkOjMVlEtCy8r47kLCQtf_d85btbiWrl2zLG3P6qKK5HIdsR80zaM6_faI9JJpR_zE6TFvYipLH_VO9FGzvs8sw-2wfwcd5m5bW4gijqIDa5IPNlHtoAnoXc0pNcn5gNZXbDAmZqiMeKCKmkB4BuNBfb5Bgjzg:1rdiau:n1BrfyCZzoUUx8csx19Pj-M4n-mnb79r-rWR3oOtWbc','2024-03-09 03:20:56.894416');
INSERT INTO django_session VALUES('wv1ewrtx2imxjrvxh5mlsehpe66bosb9','.eJxVzMEOgjAQhOF36dk0hS0FPRnvPgOZdldAgSa0nIzvLiQc9Dzf_G_VYs19uyZZ2oHVRWVJ-dpNGEYd4qROv8AjvGTeFT8xd3ETc14Gr3eijzXpe2QZb4f9C_RI_fY2hRUQitoyPciSD5Yaww4lQhlsg8qXAlO7Rpw7E0PIgKQSwwJGoT5fgV89rQ:1rfGlO:kQxhka2nxpeLT9bqizqYiN_9gY6h4BObuHxeETIT4BE','2024-03-13 10:02:10.491849');
INSERT INTO django_session VALUES('xrmzybxuk2vvbuxa5qw0mlw4zi87o8ob','.eJxVzMEOgjAQhOF36dk0hS0FPRnvPgOZdldAgSa0nIzvLiQc9Dzf_G_VYs19uyZZ2oHVRWVJ-dpNGEYd4qROv8AjvGTeFT8xd3ETc14Gr3eijzXpe2QZb4f9C_RI_fY2hRUQitoyPciSD5Yaww4lQhlsg8qXAlO7Rpw7E0PIgKQSwwJGoT5fgV89rQ:1rfGuV:-dVL4NQomN0hBN6QRai3kaIBZYPViVHvlUH368fnot4','2024-03-13 10:11:35.818422');
INSERT INTO django_session VALUES('32p5hqoqtznuuxcqe69ukb2fa0arrmlg','.eJxVzMsOgjAQheF36do0bRlscWXc-wxkOjMVlEtCy8r47kLCQtf_d85btbiWrl2zLG3P6qKK5HIdsR80zaM6_faI9JJpR_zE6TFvYipLH_VO9FGzvs8sw-2wfwcd5m5bW4gijqIDa5IPNlHtoAnoXc0pNcn5gNZXbDAmZqiMeKCKmkB4BuNBfb5Bgjzg:1rfHWn:75-98cjD4wwS1YMuroK8BPqIDRiANqvINBLfB-HaYU8','2024-03-13 10:51:09.856280');
INSERT INTO django_session VALUES('2kaom08yt7dryh53wgcbf3tqlt7n6eyg','.eJxVzMsOgjAQheF36do0bRlscWXc-wxkOjMVlEtCy8r47kLCQtf_d85btbiWrl2zLG3P6qKK5HIdsR80zaM6_faI9JJpR_zE6TFvYipLH_VO9FGzvs8sw-2wfwcd5m5bW4gijqIDa5IPNlHtoAnoXc0pNcn5gNZXbDAmZqiMeKCKmkB4BuNBfb5Bgjzg:1rfIDS:Ix4QiZjq50-5htt3IrLUwUEIPhL7KFoSmLABx44_Y4M','2024-03-13 11:35:14.063627');
INSERT INTO django_session VALUES('tz25hzttuba9yiwltjpcpe9t7jp5qmio','.eJxVzMEOgjAQhOF36dk0hS0FPRnvPgOZdldAgSa0nIzvLiQc9Dzf_G_VYs19uyZZ2oHVRWVJ-dpNGEYd4qROv8AjvGTeFT8xd3ETc14Gr3eijzXpe2QZb4f9C_RI_fY2hRUQitoyPciSD5Yaww4lQhlsg8qXAlO7Rpw7E0PIgKQSwwJGoT5fgV89rQ:1rfKgr:IQCS-o45sC6r5vpu2ly_sbJLCY31bF7TPleyjo02JAw','2024-03-13 14:13:45.419093');
INSERT INTO django_session VALUES('3qte24rvq725oi3k8twg68m9ngv76hf1','.eJxVzMEOgjAQhOF36dk0hS0FPRnvPgOZdldAgSa0nIzvLiQc9Dzf_G_VYs19uyZZ2oHVRWVJ-dpNGEYd4qROv8AjvGTeFT8xd3ETc14Gr3eijzXpe2QZb4f9C_RI_fY2hRUQitoyPciSD5Yaww4lQhlsg8qXAlO7Rpw7E0PIgKQSwwJGoT5fgV89rQ:1rfXJX:GsaxRRa2U2CyTJ6w7Wpe9golnTBs-ioGhJYtTk7ZFnE','2024-03-14 03:42:31.408916');
INSERT INTO django_session VALUES('i43b9rpa8do6xml4rnfgbtyavmzrpb9n','.eJxVzMEOgjAQhOF36dk0hS0FPRnvPgOZdldAgSa0nIzvLiQc9Dzf_G_VYs19uyZZ2oHVRWVJ-dpNGEYd4qROv8AjvGTeFT8xd3ETc14Gr3eijzXpe2QZb4f9C_RI_fY2hRUQitoyPciSD5Yaww4lQhlsg8qXAlO7Rpw7E0PIgKQSwwJGoT5fgV89rQ:1rfYlp:WrUA1uKHX5Vrr8ZtoYNZqJqc2pqloK3iSExVoTLSTe0','2024-03-14 05:15:49.101846');
INSERT INTO django_session VALUES('iek08tli8fjctk4zq4209h82f72x26is','.eJxVzMEOgjAQhOF36dk0hS0FPRnvPgOZdldAgSa0nIzvLiQc9Dzf_G_VYs19uyZZ2oHVRWVJ-dpNGEYd4qROv8AjvGTeFT8xd3ETc14Gr3eijzXpe2QZb4f9C_RI_fY2hRUQitoyPciSD5Yaww4lQhlsg8qXAlO7Rpw7E0PIgKQSwwJGoT5fgV89rQ:1rfZJX:e3fBSuKqm6FDDP95EXybrRMMSyRkbXdrI1uXlLHHpNw','2024-03-14 05:50:39.422507');
INSERT INTO django_session VALUES('mj10v42ge84ka2rlgv1x427bpf3ijzif','.eJxVzMsOgjAQheF36do0bRlscWXc-wxkOjMVlEtCy8r47kLCQtf_d85btbiWrl2zLG3P6qKK5HIdsR80zaM6_faI9JJpR_zE6TFvYipLH_VO9FGzvs8sw-2wfwcd5m5bW4gijqIDa5IPNlHtoAnoXc0pNcn5gNZXbDAmZqiMeKCKmkB4BuNBfb5Bgjzg:1rfdZw:6nJIEADdTiCB8t59zRH46p6N8OpCPN6v5IGts6LffB0','2024-03-14 10:23:52.142712');
INSERT INTO django_session VALUES('14hy9njgyo2v1blfj8g6rtsonobdjm1c','.eJxVzMEOgjAQhOF36dk0hS0FPRnvPgOZdldAgSa0nIzvLiQc9Dzf_G_VYs19uyZZ2oHVRWVJ-dpNGEYd4qROv8AjvGTeFT8xd3ETc14Gr3eijzXpe2QZb4f9C_RI_fY2hRUQitoyPciSD5Yaww4lQhlsg8qXAlO7Rpw7E0PIgKQSwwJGoT5fgV89rQ:1rfu2e:w_f3x-gIXBlNRo7j3oenLrmJQA4vo-pAxSPmVFEzNM0','2024-03-15 03:58:36.251870');
CREATE TABLE IF NOT EXISTS "user_house" ("house_id" integer NOT NULL PRIMARY KEY AUTOINCREMENT, "area" integer NOT NULL, "floor" integer NOT NULL, "district" varchar(50) NOT NULL, "city" varchar(50) NOT NULL, "state" varchar(50) NOT NULL, "cost" integer NOT NULL, "bedrooms" integer NOT NULL, "hall" bool NOT NULL, "balcany" bool NOT NULL, "desc" varchar(200) NOT NULL, "AC" bool NOT NULL, "img" varchar(100) NOT NULL, "date" date NOT NULL, "user_email_id" varchar(100) NULL REFERENCES "user_user" ("email") DEFERRABLE INITIALLY DEFERRED, "booked" bool NOT NULL, "kitchen" bool NOT NULL);
INSERT INTO user_house VALUES(1,600,1,'Devinagar','Butwal','Lumbini Province',24000,3,'yes','yes','BEST HOUSE IN NEARBY LOCALITY','no','house_id/7.jfif','2024-02-28','test@mail.com',0,1);
INSERT INTO user_house VALUES(2,800,1,'Baneswor','Kathmandu','Bagmati Province',30000,3,'yes','yes','BIG HOUSE IN AFFORDABLE PRICE','no','house_id/8.jfif','2024-02-28','manozpaudel0@gmail.com',0,1);
INSERT INTO user_house VALUES(3,600,2,'Manigram','Butwal','Lumbini Province',40000,4,1,0,'TWO-STORY HOUSE IN GREAT PRICE',0,'house_id/9.jfif','2024-02-28','test@mail.com',0,1);
CREATE TABLE IF NOT EXISTS "user_room" ("room_id" integer NOT NULL PRIMARY KEY AUTOINCREMENT, "dimention" varchar(100) NOT NULL, "district" varchar(50) NOT NULL, "city" varchar(50) NOT NULL, "state" varchar(50) NOT NULL, "cost" integer NOT NULL, "bedrooms" integer NOT NULL, "hall" bool NOT NULL, "balcany" bool NOT NULL, "desc" varchar(200) NOT NULL, "AC" bool NOT NULL, "img" varchar(100) NOT NULL, "date" date NOT NULL, "user_email_id" varchar(100) NULL REFERENCES "user_user" ("email") DEFERRABLE INITIALLY DEFERRED, "booked" bool NOT NULL, "kitchen" bool NOT NULL);
INSERT INTO user_room VALUES(1,'12 12','Nepal','Butwal','Lumbini Province',12000,2,'yes','yes','NICE PLACE TO LIVE NEAR RAILWAY STATION.','yes','room_id/1.jfif','2023-12-22','contact@manojpaudel.com',0,'yes');
INSERT INTO user_room VALUES(2,'12 12','Nepal','Dharan','Madhesh Province',11000,2,'yes','yes','NICE AND CLEAN APPARTMENT IN AFFORDABLE PRICE','yes','room_id/2.jfif','2023-12-22','contact@manojpaudel.com',0,'yes');
INSERT INTO user_room VALUES(3,'12 11','Nepal','Dharan','Province 2',11000,2,'yes','yes','NICE AND CLEAN PLACE IN AFFORBABLE PRICE.','yes','room_id/3.jfif','2023-12-22','achutbhattarai@gmail.com',0,'yes');
INSERT INTO user_room VALUES(4,'12 11','Nepal','Ilam','Province 2',10000,2,0,0,'GOOD APPARTMENT IN AFFORDABLE PRICE',0,'room_id/4.jfif','2024-02-29','manozpaudel00@gmail.com',1,0);
INSERT INTO user_room VALUES(5,'12 11','Nepal','Kathmandu','Lumbini Province',11000,2,0,0,'BEAUTIFUL PLACE TO LIVE IN GOOD PRICE',0,'room_id/5.jfif','2024-02-29','contact@manojpaudel.com',1,0);
INSERT INTO user_room VALUES(11,'12 12','rupandehi','butwal','bagmati province',1234,2,1,1,'0',1,'room_id/roti-mutton-set.jpg','2024-02-28','test@mail.com',0,1);
INSERT INTO user_room VALUES(12,'','rupandehi','butwal','lumbini province',123,2,1,1,'FDSFDSFS',1,'room_id/home.jpg','2024-02-29','test@gmail.com',0,1);
CREATE TABLE IF NOT EXISTS "user_booking" ("booking_id" integer NOT NULL PRIMARY KEY AUTOINCREMENT, "house_id" integer NULL REFERENCES "user_house" ("house_id") DEFERRABLE INITIALLY DEFERRED, "customer_id" varchar(100) NOT NULL REFERENCES "user_user" ("email") DEFERRABLE INITIALLY DEFERRED, "date" date NOT NULL, "room_id" integer NULL REFERENCES "user_room" ("room_id") DEFERRABLE INITIALLY DEFERRED, "booked" bool NOT NULL);
INSERT INTO user_booking VALUES(23,NULL,'test@mail.com','2024-02-29',4,1);
INSERT INTO user_booking VALUES(24,NULL,'test@mail.com','2024-02-29',5,1);
INSERT INTO user_booking VALUES(25,NULL,'test@mail.com','2024-02-29',5,1);
DELETE FROM sqlite_sequence;
INSERT INTO sqlite_sequence VALUES('django_migrations',28);
INSERT INTO sqlite_sequence VALUES('django_admin_log',55);
INSERT INTO sqlite_sequence VALUES('django_content_type',10);
INSERT INTO sqlite_sequence VALUES('auth_permission',40);
INSERT INTO sqlite_sequence VALUES('auth_group',0);
INSERT INTO sqlite_sequence VALUES('user_contact',6);
INSERT INTO sqlite_sequence VALUES('user_house',3);
INSERT INTO sqlite_sequence VALUES('user_room',12);
INSERT INTO sqlite_sequence VALUES('user_booking',25);
CREATE INDEX "django_admin_log_content_type_id_c4bce8eb" ON "django_admin_log" ("content_type_id");
CREATE INDEX "django_admin_log_user_id_c564eba6" ON "django_admin_log" ("user_id");
CREATE UNIQUE INDEX "django_content_type_app_label_model_76bd3d3b_uniq" ON "django_content_type" ("app_label", "model");
CREATE UNIQUE INDEX "auth_group_permissions_group_id_permission_id_0cd325b0_uniq" ON "auth_group_permissions" ("group_id", "permission_id");
CREATE INDEX "auth_group_permissions_group_id_b120cbf9" ON "auth_group_permissions" ("group_id");
CREATE INDEX "auth_group_permissions_permission_id_84c5c92e" ON "auth_group_permissions" ("permission_id");
CREATE UNIQUE INDEX "auth_permission_content_type_id_codename_01ab375a_uniq" ON "auth_permission" ("content_type_id", "codename");
CREATE INDEX "auth_permission_content_type_id_2f476e4b" ON "auth_permission" ("content_type_id");
CREATE INDEX "django_session_expire_date_a5c62663" ON "django_session" ("expire_date");
CREATE INDEX "user_house_user_email_id_acc0c2ae" ON "user_house" ("user_email_id");
CREATE INDEX "user_room_user_email_id_754d9dcc" ON "user_room" ("user_email_id");
CREATE INDEX "user_booking_house_id_7a343141" ON "user_booking" ("house_id");
CREATE INDEX "user_booking_customer_id_0ee7c6b5" ON "user_booking" ("customer_id");
CREATE INDEX "user_booking_room_id_a1bfe37a" ON "user_booking" ("room_id");
COMMIT;
